http://www.bodybuilding.com/exercises/detail/view/name/ab-crunch-machine,Ab Crunch Machine
http://www.bodybuilding.com/exercises/detail/view/name/adductor,Adductor
http://www.bodybuilding.com/exercises/detail/view/name/advanced-kettlebell-windmill,Advanced Kettlebell Windmill
http://www.bodybuilding.com/exercises/detail/view/name/all-fours-quad-stretch,All Fours Quad Stretch
http://www.bodybuilding.com/exercises/detail/view/name/alternate-heel-touchers,Alternate Heel Touchers
http://www.bodybuilding.com/exercises/detail/view/name/alternate-leg-diagonal-bound,Alternate Leg Diagonal Bound
http://www.bodybuilding.com/exercises/detail/view/name/alternating-deltoid-raise,Alternating Deltoid Raise
http://www.bodybuilding.com/exercises/detail/view/name/alternating-hang-clean,Alternating Hang Clean
http://www.bodybuilding.com/exercises/detail/view/name/alternating-kettlebell-row,Alternating Kettlebell Row
http://www.bodybuilding.com/exercises/detail/view/name/ankle-circles,Ankle Circles
http://www.bodybuilding.com/exercises/detail/view/name/anterior-tibialis-smr,Anterior Tibialis-SMR
http://www.bodybuilding.com/exercises/detail/view/name/arm-circles,Arm Circles
http://www.bodybuilding.com/exercises/detail/view/name/around-the-worlds,Around The Worlds
http://www.bodybuilding.com/exercises/detail/view/name/atlas-stones,Atlas Stones
http://www.bodybuilding.com/exercises/detail/view/name/ab-roller,Ab Roller
http://www.bodybuilding.com/exercises/detail/view/name/adductorgroin-,Adductor/Groin
http://www.bodybuilding.com/exercises/detail/view/name/air-bike,Air Bike
http://www.bodybuilding.com/exercises/detail/view/name/alternate-hammer-curl,Alternate Hammer Curl
http://www.bodybuilding.com/exercises/detail/view/name/alternate-incline-dumbbell-curl,Alternate Incline Dumbbell Curl
http://www.bodybuilding.com/exercises/detail/view/name/alternating-cable-shoulder-press,Alternating Cable Shoulder Press
http://www.bodybuilding.com/exercises/detail/view/name/alternating-floor-press,Alternating Floor Press
http://www.bodybuilding.com/exercises/detail/view/name/alternating-kettlebell-press,Alternating Kettlebell Press
http://www.bodybuilding.com/exercises/detail/view/name/alternating-renegade-row,Alternating Renegade Row
http://www.bodybuilding.com/exercises/detail/view/name/ankle-on-the-knee,Ankle On The Knee
http://www.bodybuilding.com/exercises/detail/view/name/anti-gravity-press,Anti-Gravity Press
http://www.bodybuilding.com/exercises/detail/view/name/arnold-dumbbell-press,Arnold Dumbbell Press
http://www.bodybuilding.com/exercises/detail/view/name/atlas-stone-trainer,Atlas Stone Trainer
http://www.bodybuilding.com/exercises/detail/view/name/axle-deadlift,Axle Deadlift
http://www.bodybuilding.com/exercises/detail/view/name/back-flyes-with-bands,Back Flyes - With Bands
http://www.bodybuilding.com/exercises/detail/view/name/backward-medicine-ball-throw,Backward Medicine Ball Throw
http://www.bodybuilding.com/exercises/detail/view/name/ball-leg-curl,Ball Leg Curl
http://www.bodybuilding.com/exercises/detail/view/name/band-good-morning,Band Good Morning
http://www.bodybuilding.com/exercises/detail/view/name/band-hip-adductions,Band Hip Adductions
http://www.bodybuilding.com/exercises/detail/view/name/band-skull-crusher,Band Skull Crusher
http://www.bodybuilding.com/exercises/detail/view/name/barbell-ab-rollout-on-knees,Barbell Ab Rollout - On Knees
http://www.bodybuilding.com/exercises/detail/view/name/barbell-curl,Barbell Curl
http://www.bodybuilding.com/exercises/detail/view/name/barbell-deadlift,Barbell Deadlift
http://www.bodybuilding.com/exercises/detail/view/name/barbell-glute-bridge,Barbell Glute Bridge
http://www.bodybuilding.com/exercises/detail/view/name/barbell-hack-squat,Barbell Hack Squat
http://www.bodybuilding.com/exercises/detail/view/name/barbell-incline-bench-press-medium-grip,Barbell Incline Bench Press - Medium Grip
http://www.bodybuilding.com/exercises/detail/view/name/barbell-lunge,Barbell Lunge
http://www.bodybuilding.com/exercises/detail/view/name/barbell-rollout-from-bench,Barbell Rollout from Bench
http://www.bodybuilding.com/exercises/detail/view/name/barbell-shoulder-press,Barbell Shoulder Press
http://www.bodybuilding.com/exercises/detail/view/name/barbell-shrug-behind-the-back,Barbell Shrug Behind The Back
http://www.bodybuilding.com/exercises/detail/view/name/barbell-side-split-squat,Barbell Side Split Squat
http://www.bodybuilding.com/exercises/detail/view/name/barbell-squat-to-a-bench,Barbell Squat To A Bench
http://www.bodybuilding.com/exercises/detail/view/name/barbell-walking-lunge,Barbell Walking Lunge
http://www.bodybuilding.com/exercises/detail/view/name/bear-crawl-sled-drags-,Bear Crawl Sled Drags
http://www.bodybuilding.com/exercises/detail/view/name/bench-dips,Bench Dips
http://www.bodybuilding.com/exercises/detail/view/name/bench-press-powerlifting,Bench Press - Powerlifting
http://www.bodybuilding.com/exercises/detail/view/name/bench-press-with-chains,Bench Press with Chains
http://www.bodybuilding.com/exercises/detail/view/name/bent-over-barbell-row,Bent Over Barbell Row
http://www.bodybuilding.com/exercises/detail/view/name/bent-over-low-pulley-side-lateral,Bent Over Low-Pulley Side Lateral
http://www.bodybuilding.com/exercises/detail/view/name/bent-over-two-arm-long-bar-row,Bent Over Two-Arm Long Bar Row
http://www.bodybuilding.com/exercises/detail/view/name/bent-over-two-dumbbell-row-with-palms-in,Bent Over Two-Dumbbell Row With Palms In
http://www.bodybuilding.com/exercises/detail/view/name/bent-arm-barbell-pullover,Bent-Arm Barbell Pullover
http://www.bodybuilding.com/exercises/detail/view/name/bent-knee-hip-raise,Bent-Knee Hip Raise
http://www.bodybuilding.com/exercises/detail/view/name/bicycling-stationary,"Bicycling, Stationary"
http://www.bodybuilding.com/exercises/detail/view/name/body-tricep-press,Body Tricep Press
http://www.bodybuilding.com/exercises/detail/view/name/bodyweight-flyes,Bodyweight Flyes
http://www.bodybuilding.com/exercises/detail/view/name/bodyweight-squat,Bodyweight Squat
http://www.bodybuilding.com/exercises/detail/view/name/bosu-ball-cable-crunch-with-side-bends,Bosu Ball Cable Crunch With Side Bends
http://www.bodybuilding.com/exercises/detail/view/name/bottoms-up-clean-from-the-hang-position,Bottoms-Up Clean From The Hang Position
http://www.bodybuilding.com/exercises/detail/view/name/box-skip,Box Skip
http://www.bodybuilding.com/exercises/detail/view/name/box-squat-with-bands,Box Squat with Bands
http://www.bodybuilding.com/exercises/detail/view/name/brachialis-smr,Brachialis-SMR
http://www.bodybuilding.com/exercises/detail/view/name/butt-lift-bridge,Butt Lift (Bridge)
http://www.bodybuilding.com/exercises/detail/view/name/butterfly,Butterfly
http://www.bodybuilding.com/exercises/detail/view/name/backward-drag,Backward Drag
http://www.bodybuilding.com/exercises/detail/view/name/balance-board,Balance Board
http://www.bodybuilding.com/exercises/detail/view/name/band-assisted-pull-up,Band Assisted Pull-Up
http://www.bodybuilding.com/exercises/detail/view/name/band-good-morning-pull-through,Band Good Morning (Pull Through)
http://www.bodybuilding.com/exercises/detail/view/name/band-pull-apart,Band Pull Apart
http://www.bodybuilding.com/exercises/detail/view/name/barbell-ab-rollout,Barbell Ab Rollout
http://www.bodybuilding.com/exercises/detail/view/name/barbell-bench-press-medium-grip,Barbell Bench Press - Medium Grip
http://www.bodybuilding.com/exercises/detail/view/name/barbell-curls-lying-against-an-incline,Barbell Curls Lying Against An Incline
http://www.bodybuilding.com/exercises/detail/view/name/barbell-full-squat,Barbell Full Squat
http://www.bodybuilding.com/exercises/detail/view/name/barbell-guillotine-bench-press,Barbell Guillotine Bench Press
http://www.bodybuilding.com/exercises/detail/view/name/barbell-hip-thrust,Barbell Hip Thrust
http://www.bodybuilding.com/exercises/detail/view/name/barbell-incline-shoulder-raise,Barbell Incline Shoulder Raise
http://www.bodybuilding.com/exercises/detail/view/name/barbell-rear-delt-row,Barbell Rear Delt Row
http://www.bodybuilding.com/exercises/detail/view/name/barbell-seated-calf-raise,Barbell Seated Calf Raise
http://www.bodybuilding.com/exercises/detail/view/name/barbell-shrug,Barbell Shrug
http://www.bodybuilding.com/exercises/detail/view/name/barbell-side-bend,Barbell Side Bend
http://www.bodybuilding.com/exercises/detail/view/name/barbell-squat,Barbell Squat
http://www.bodybuilding.com/exercises/detail/view/name/barbell-step-ups,Barbell Step Ups
http://www.bodybuilding.com/exercises/detail/view/name/battling-ropes,Battling Ropes
http://www.bodybuilding.com/exercises/detail/view/name/behind-head-chest-stretch,Behind Head Chest Stretch
http://www.bodybuilding.com/exercises/detail/view/name/bench-jump,Bench Jump
http://www.bodybuilding.com/exercises/detail/view/name/bench-press-with-bands,Bench Press - With Bands
http://www.bodybuilding.com/exercises/detail/view/name/bench-sprint,Bench Sprint
http://www.bodybuilding.com/exercises/detail/view/name/bent-over-dumbbell-rear-delt-raise-with-head-on-bench,Bent Over Dumbbell Rear Delt Raise With Head On Bench
http://www.bodybuilding.com/exercises/detail/view/name/bent-over-one-arm-long-bar-row,Bent Over One-Arm Long Bar Row
http://www.bodybuilding.com/exercises/detail/view/name/bent-over-two-dumbbell-row,Bent Over Two-Dumbbell Row
http://www.bodybuilding.com/exercises/detail/view/name/bent-press,Bent Press
http://www.bodybuilding.com/exercises/detail/view/name/bent-arm-dumbbell-pullover,Bent-Arm Dumbbell Pullover
http://www.bodybuilding.com/exercises/detail/view/name/bicycling,Bicycling
http://www.bodybuilding.com/exercises/detail/view/name/board-press,Board Press
http://www.bodybuilding.com/exercises/detail/view/name/body-up,Body-Up
http://www.bodybuilding.com/exercises/detail/view/name/bodyweight-mid-row,Bodyweight Mid Row
http://www.bodybuilding.com/exercises/detail/view/name/bodyweight-walking-lunge,Bodyweight Walking Lunge
http://www.bodybuilding.com/exercises/detail/view/name/bottoms-up,Bottoms Up
http://www.bodybuilding.com/exercises/detail/view/name/box-jump-multiple-response,Box Jump (Multiple Response)
http://www.bodybuilding.com/exercises/detail/view/name/box-squat,Box Squat
http://www.bodybuilding.com/exercises/detail/view/name/box-squat-with-chains,Box Squat with Chains
http://www.bodybuilding.com/exercises/detail/view/name/bradfordrocky-presses,Bradford/Rocky Presses
http://www.bodybuilding.com/exercises/detail/view/name/butt-ups,Butt-Ups
http://www.bodybuilding.com/exercises/detail/view/name/cable-chest-press,Cable Chest Press
http://www.bodybuilding.com/exercises/detail/view/name/cable-crunch,Cable Crunch
http://www.bodybuilding.com/exercises/detail/view/name/cable-hammer-curls-rope-attachment,Cable Hammer Curls - Rope Attachment
http://www.bodybuilding.com/exercises/detail/view/name/cable-incline-pushdown,Cable Incline Pushdown
http://www.bodybuilding.com/exercises/detail/view/name/cable-internal-rotation,Cable Internal Rotation
http://www.bodybuilding.com/exercises/detail/view/name/cable-judo-flip,Cable Judo Flip
http://www.bodybuilding.com/exercises/detail/view/name/cable-one-arm-tricep-extension,Cable One Arm Tricep Extension
http://www.bodybuilding.com/exercises/detail/view/name/cable-rear-delt-fly,Cable Rear Delt Fly
http://www.bodybuilding.com/exercises/detail/view/name/cable-rope-overhead-triceps-extension,Cable Rope Overhead Triceps Extension
http://www.bodybuilding.com/exercises/detail/view/name/cable-russian-twists,Cable Russian Twists
http://www.bodybuilding.com/exercises/detail/view/name/cable-seated-lateral-raise,Cable Seated Lateral Raise
http://www.bodybuilding.com/exercises/detail/view/name/cable-shrugs,Cable Shrugs
http://www.bodybuilding.com/exercises/detail/view/name/cable-wrist-curl,Cable Wrist Curl
http://www.bodybuilding.com/exercises/detail/view/name/calf-press-on-the-leg-press-machine,Calf Press On The Leg Press Machine
http://www.bodybuilding.com/exercises/detail/view/name/calf-raises-with-bands,Calf Raises - With Bands
http://www.bodybuilding.com/exercises/detail/view/name/calf-stretch-hands-against-wall,Calf Stretch Hands Against Wall
http://www.bodybuilding.com/exercises/detail/view/name/calves-smr,Calves-SMR
http://www.bodybuilding.com/exercises/detail/view/name/car-drivers,Car Drivers
http://www.bodybuilding.com/exercises/detail/view/name/cat-stretch,Cat Stretch
http://www.bodybuilding.com/exercises/detail/view/name/chain-handle-extension,Chain Handle Extension
http://www.bodybuilding.com/exercises/detail/view/name/chair-leg-extended-stretch,Chair Leg Extended Stretch
http://www.bodybuilding.com/exercises/detail/view/name/chair-squat,Chair Squat
http://www.bodybuilding.com/exercises/detail/view/name/chest-and-front-of-shoulder-stretch,Chest And Front Of Shoulder Stretch
http://www.bodybuilding.com/exercises/detail/view/name/chest-push-single-response,Chest Push (single response)
http://www.bodybuilding.com/exercises/detail/view/name/chest-push-with-run-release,Chest Push with Run Release
http://www.bodybuilding.com/exercises/detail/view/name/childs-pose,Child's Pose
http://www.bodybuilding.com/exercises/detail/view/name/chin-up,Chin-Up
http://www.bodybuilding.com/exercises/detail/view/name/clean,Clean
http://www.bodybuilding.com/exercises/detail/view/name/clean-and-press,Clean and Press
http://www.bodybuilding.com/exercises/detail/view/name/clean-from-blocks,Clean from Blocks
http://www.bodybuilding.com/exercises/detail/view/name/clean-shrug,Clean Shrug
http://www.bodybuilding.com/exercises/detail/view/name/close-grip-barbell-bench-press,Close-Grip Barbell Bench Press
http://www.bodybuilding.com/exercises/detail/view/name/close-grip-ez-bar-curl,Close-Grip EZ Bar Curl
http://www.bodybuilding.com/exercises/detail/view/name/close-grip-ez-bar-press,Close-Grip EZ-Bar Press
http://www.bodybuilding.com/exercises/detail/view/name/close-grip-push-up-off-of-a-dumbbell,Close-Grip Push-Up off of a Dumbbell
http://www.bodybuilding.com/exercises/detail/view/name/cocoons,Cocoons
http://www.bodybuilding.com/exercises/detail/view/name/concentration-curls,Concentration Curls
http://www.bodybuilding.com/exercises/detail/view/name/cross-over-with-bands,Cross Over - With Bands
http://www.bodybuilding.com/exercises/detail/view/name/crossover-reverse-lunge,Crossover Reverse Lunge
http://www.bodybuilding.com/exercises/detail/view/name/crunch-hands-overhead,Crunch - Hands Overhead
http://www.bodybuilding.com/exercises/detail/view/name/crunches,Crunches
http://www.bodybuilding.com/exercises/detail/view/name/cable-crossover,Cable Crossover
http://www.bodybuilding.com/exercises/detail/view/name/cable-deadlifts,Cable Deadlifts
http://www.bodybuilding.com/exercises/detail/view/name/cable-hip-adduction,Cable Hip Adduction
http://www.bodybuilding.com/exercises/detail/view/name/cable-incline-triceps-extension,Cable Incline Triceps Extension
http://www.bodybuilding.com/exercises/detail/view/name/cable-iron-cross,Cable Iron Cross
http://www.bodybuilding.com/exercises/detail/view/name/cable-lying-triceps-extension,Cable Lying Triceps Extension
http://www.bodybuilding.com/exercises/detail/view/name/cable-preacher-curl,Cable Preacher Curl
http://www.bodybuilding.com/exercises/detail/view/name/cable-reverse-crunch,Cable Reverse Crunch
http://www.bodybuilding.com/exercises/detail/view/name/cable-rope-rear-delt-rows,Cable Rope Rear-Delt Rows
http://www.bodybuilding.com/exercises/detail/view/name/cable-seated-crunch,Cable Seated Crunch
http://www.bodybuilding.com/exercises/detail/view/name/cable-shoulder-press,Cable Shoulder Press
http://www.bodybuilding.com/exercises/detail/view/name/cable-tuck-reverse-crunch,Cable Tuck Reverse Crunch
http://www.bodybuilding.com/exercises/detail/view/name/calf-press,Calf Press
http://www.bodybuilding.com/exercises/detail/view/name/calf-raise-on-a-dumbbell,Calf Raise On A Dumbbell
http://www.bodybuilding.com/exercises/detail/view/name/calf-stretch-elbows-against-wall,Calf Stretch Elbows Against Wall
http://www.bodybuilding.com/exercises/detail/view/name/calf-machine-shoulder-shrug,Calf-Machine Shoulder Shrug
http://www.bodybuilding.com/exercises/detail/view/name/car-deadlift,Car Deadlift
http://www.bodybuilding.com/exercises/detail/view/name/carioca-quick-step,Carioca Quick Step
http://www.bodybuilding.com/exercises/detail/view/name/catch-and-overhead-throw,Catch and Overhead Throw
http://www.bodybuilding.com/exercises/detail/view/name/chain-press,Chain Press
http://www.bodybuilding.com/exercises/detail/view/name/chair-lower-back-stretch,Chair Lower Back Stretch
http://www.bodybuilding.com/exercises/detail/view/name/chair-upper-body-stretch,Chair Upper Body Stretch
http://www.bodybuilding.com/exercises/detail/view/name/chest-push-multiple-response,Chest Push (multiple response)
http://www.bodybuilding.com/exercises/detail/view/name/chest-push-from-3-point-stance,Chest Push from 3 point stance
http://www.bodybuilding.com/exercises/detail/view/name/chest-stretch-on-stability-ball,Chest Stretch on Stability Ball
http://www.bodybuilding.com/exercises/detail/view/name/chin-to-chest-stretch,Chin To Chest Stretch
http://www.bodybuilding.com/exercises/detail/view/name/circus-bell,Circus Bell
http://www.bodybuilding.com/exercises/detail/view/name/clean-and-jerk,Clean and Jerk
http://www.bodybuilding.com/exercises/detail/view/name/clean-deadlift,Clean Deadlift
http://www.bodybuilding.com/exercises/detail/view/name/clean-pull-,Clean Pull
http://www.bodybuilding.com/exercises/detail/view/name/clock-push-up,Clock Push-Up
http://www.bodybuilding.com/exercises/detail/view/name/close-grip-dumbbell-press,Close-Grip Dumbbell Press
http://www.bodybuilding.com/exercises/detail/view/name/close-grip-ez-bar-curl-with-band,Close-Grip EZ-Bar Curl with Band
http://www.bodybuilding.com/exercises/detail/view/name/close-grip-front-lat-pulldown,Close-Grip Front Lat Pulldown
http://www.bodybuilding.com/exercises/detail/view/name/close-grip-standing-barbell-curl,Close-Grip Standing Barbell Curl
http://www.bodybuilding.com/exercises/detail/view/name/conans-wheel,Conan's Wheel
http://www.bodybuilding.com/exercises/detail/view/name/cross-body-hammer-curl,Cross Body Hammer Curl
http://www.bodybuilding.com/exercises/detail/view/name/cross-body-crunch,Cross-Body Crunch
http://www.bodybuilding.com/exercises/detail/view/name/crucifix,Crucifix
http://www.bodybuilding.com/exercises/detail/view/name/crunch-legs-on-exercise-ball,Crunch - Legs On Exercise Ball
http://www.bodybuilding.com/exercises/detail/view/name/cuban-press,Cuban Press
http://www.bodybuilding.com/exercises/detail/view/name/dancers-stretch,Dancer's Stretch
http://www.bodybuilding.com/exercises/detail/view/name/deadlift-with-chains,Deadlift with Chains
http://www.bodybuilding.com/exercises/detail/view/name/decline-close-grip-bench-to-skull-crusher,Decline Close-Grip Bench To Skull Crusher
http://www.bodybuilding.com/exercises/detail/view/name/decline-dumbbell-bench-press,Decline Dumbbell Bench Press
http://www.bodybuilding.com/exercises/detail/view/name/decline-dumbbell-triceps-extension,Decline Dumbbell Triceps Extension
http://www.bodybuilding.com/exercises/detail/view/name/decline-oblique-crunch,Decline Oblique Crunch
http://www.bodybuilding.com/exercises/detail/view/name/decline-reverse-crunch,Decline Reverse Crunch
http://www.bodybuilding.com/exercises/detail/view/name/deficit-deadlift,Deficit Deadlift
http://www.bodybuilding.com/exercises/detail/view/name/dip-machine,Dip Machine
http://www.bodybuilding.com/exercises/detail/view/name/dips-triceps-version,Dips - Triceps Version
http://www.bodybuilding.com/exercises/detail/view/name/double-kettlebell-alternating-hang-clean,Double Kettlebell Alternating Hang Clean
http://www.bodybuilding.com/exercises/detail/view/name/double-kettlebell-push-press,Double Kettlebell Push Press
http://www.bodybuilding.com/exercises/detail/view/name/double-kettlebell-windmill,Double Kettlebell Windmill
http://www.bodybuilding.com/exercises/detail/view/name/downward-facing-balance,Downward Facing Balance
http://www.bodybuilding.com/exercises/detail/view/name/drop-push,Drop Push
http://www.bodybuilding.com/exercises/detail/view/name/dumbbell-bench-press,Dumbbell Bench Press
http://www.bodybuilding.com/exercises/detail/view/name/dumbbell-bicep-curl,Dumbbell Bicep Curl
http://www.bodybuilding.com/exercises/detail/view/name/dumbbell-floor-press,Dumbbell Floor Press
http://www.bodybuilding.com/exercises/detail/view/name/dumbbell-incline-row,Dumbbell Incline Row
http://www.bodybuilding.com/exercises/detail/view/name/dumbbell-lunges,Dumbbell Lunges
http://www.bodybuilding.com/exercises/detail/view/name/dumbbell-lying-pronation,Dumbbell Lying Pronation
http://www.bodybuilding.com/exercises/detail/view/name/dumbbell-lying-supination,Dumbbell Lying Supination
http://www.bodybuilding.com/exercises/detail/view/name/dumbbell-one-arm-triceps-extension,Dumbbell One-Arm Triceps Extension
http://www.bodybuilding.com/exercises/detail/view/name/dumbbell-prone-incline-curl,Dumbbell Prone Incline Curl
http://www.bodybuilding.com/exercises/detail/view/name/dumbbell-rear-lunge,Dumbbell Rear Lunge
http://www.bodybuilding.com/exercises/detail/view/name/dumbbell-seated-box-jump,Dumbbell Seated Box Jump
http://www.bodybuilding.com/exercises/detail/view/name/dumbbell-shoulder-press,Dumbbell Shoulder Press
http://www.bodybuilding.com/exercises/detail/view/name/dumbbell-side-bend,Dumbbell Side Bend
http://www.bodybuilding.com/exercises/detail/view/name/dumbbell-squat-to-a-bench,Dumbbell Squat To A Bench
http://www.bodybuilding.com/exercises/detail/view/name/dumbbell-tricep-extension-pronated-grip,Dumbbell Tricep Extension -Pronated Grip
http://www.bodybuilding.com/exercises/detail/view/name/dynamic-chest-stretch,Dynamic Chest Stretch
http://www.bodybuilding.com/exercises/detail/view/name/deadlift-with-bands,Deadlift with Bands
http://www.bodybuilding.com/exercises/detail/view/name/decline-barbell-bench-press,Decline Barbell Bench Press
http://www.bodybuilding.com/exercises/detail/view/name/decline-crunch,Decline Crunch
http://www.bodybuilding.com/exercises/detail/view/name/decline-dumbbell-flyes,Decline Dumbbell Flyes
http://www.bodybuilding.com/exercises/detail/view/name/decline-ez-bar-triceps-extension,Decline EZ Bar Triceps Extension
http://www.bodybuilding.com/exercises/detail/view/name/decline-push-up,Decline Push-Up
http://www.bodybuilding.com/exercises/detail/view/name/decline-smith-press,Decline Smith Press
http://www.bodybuilding.com/exercises/detail/view/name/depth-jump-leap,Depth Jump Leap
http://www.bodybuilding.com/exercises/detail/view/name/dips-chest-version,Dips - Chest Version
http://www.bodybuilding.com/exercises/detail/view/name/donkey-calf-raises,Donkey Calf Raises
http://www.bodybuilding.com/exercises/detail/view/name/double-kettlebell-jerk,Double Kettlebell Jerk
http://www.bodybuilding.com/exercises/detail/view/name/double-kettlebell-snatch,Double Kettlebell Snatch
http://www.bodybuilding.com/exercises/detail/view/name/double-leg-butt-kick,Double Leg Butt Kick
http://www.bodybuilding.com/exercises/detail/view/name/drag-curl,Drag Curl
http://www.bodybuilding.com/exercises/detail/view/name/dumbbell-alternate-bicep-curl,Dumbbell Alternate Bicep Curl
http://www.bodybuilding.com/exercises/detail/view/name/dumbbell-bench-press-with-neutral-grip,Dumbbell Bench Press with Neutral Grip
http://www.bodybuilding.com/exercises/detail/view/name/dumbbell-clean,Dumbbell Clean
http://www.bodybuilding.com/exercises/detail/view/name/dumbbell-flyes,Dumbbell Flyes
http://www.bodybuilding.com/exercises/detail/view/name/dumbbell-incline-shoulder-raise,Dumbbell Incline Shoulder Raise
http://www.bodybuilding.com/exercises/detail/view/name/dumbbell-lying-one-arm-rear-lateral-raise,Dumbbell Lying One-Arm Rear Lateral Raise
http://www.bodybuilding.com/exercises/detail/view/name/dumbbell-lying-rear-lateral-raise,Dumbbell Lying Rear Lateral Raise
http://www.bodybuilding.com/exercises/detail/view/name/dumbbell-one-arm-shoulder-press,Dumbbell One-Arm Shoulder Press
http://www.bodybuilding.com/exercises/detail/view/name/dumbbell-one-arm-upright-row,Dumbbell One-Arm Upright Row
http://www.bodybuilding.com/exercises/detail/view/name/dumbbell-raise,Dumbbell Raise
http://www.bodybuilding.com/exercises/detail/view/name/dumbbell-scaption,Dumbbell Scaption
http://www.bodybuilding.com/exercises/detail/view/name/dumbbell-seated-one-leg-calf-raise,Dumbbell Seated One-Leg Calf Raise
http://www.bodybuilding.com/exercises/detail/view/name/dumbbell-shrug,Dumbbell Shrug
http://www.bodybuilding.com/exercises/detail/view/name/dumbbell-squat,Dumbbell Squat
http://www.bodybuilding.com/exercises/detail/view/name/dumbbell-step-ups,Dumbbell Step Ups
http://www.bodybuilding.com/exercises/detail/view/name/dynamic-back-stretch,Dynamic Back Stretch
http://www.bodybuilding.com/exercises/detail/view/name/elbow-circles,Elbow Circles
http://www.bodybuilding.com/exercises/detail/view/name/elbows-back,Elbows Back
http://www.bodybuilding.com/exercises/detail/view/name/elevated-cable-rows,Elevated Cable Rows
http://www.bodybuilding.com/exercises/detail/view/name/exercise-ball-crunch,Exercise Ball Crunch
http://www.bodybuilding.com/exercises/detail/view/name/extended-range-one-arm-kettlebell-floor-press,Extended Range One-Arm Kettlebell Floor Press
http://www.bodybuilding.com/exercises/detail/view/name/external-rotation-with-band,External Rotation with Band
http://www.bodybuilding.com/exercises/detail/view/name/ez-bar-curl,EZ-Bar Curl
http://www.bodybuilding.com/exercises/detail/view/name/elbow-to-knee,Elbow to Knee
http://www.bodybuilding.com/exercises/detail/view/name/elevated-back-lunge,Elevated Back Lunge
http://www.bodybuilding.com/exercises/detail/view/name/elliptical-trainer,Elliptical Trainer
http://www.bodybuilding.com/exercises/detail/view/name/exercise-ball-pull-in,Exercise Ball Pull-In
http://www.bodybuilding.com/exercises/detail/view/name/external-rotation,External Rotation
http://www.bodybuilding.com/exercises/detail/view/name/external-rotation-with-cable,External Rotation with Cable
http://www.bodybuilding.com/exercises/detail/view/name/ez-bar-skullcrusher,EZ-Bar Skullcrusher
http://www.bodybuilding.com/exercises/detail/view/name/face-pull,Face Pull
http://www.bodybuilding.com/exercises/detail/view/name/fast-skipping,Fast Skipping
http://www.bodybuilding.com/exercises/detail/view/name/flat-bench-cable-flyes,Flat Bench Cable Flyes
http://www.bodybuilding.com/exercises/detail/view/name/flat-bench-lying-leg-raise,Flat Bench Lying Leg Raise
http://www.bodybuilding.com/exercises/detail/view/name/floor-glute-ham-raise,Floor Glute-Ham Raise
http://www.bodybuilding.com/exercises/detail/view/name/floor-press-with-chains,Floor Press with Chains
http://www.bodybuilding.com/exercises/detail/view/name/foot-smr,Foot-SMR
http://www.bodybuilding.com/exercises/detail/view/name/frankenstein-squat,Frankenstein Squat
http://www.bodybuilding.com/exercises/detail/view/name/frog-hops,Frog Hops
http://www.bodybuilding.com/exercises/detail/view/name/front-barbell-squat,Front Barbell Squat
http://www.bodybuilding.com/exercises/detail/view/name/front-box-jump,Front Box Jump
http://www.bodybuilding.com/exercises/detail/view/name/front-cone-hops-or-hurdle-hops,Front Cone Hops (or hurdle hops)
http://www.bodybuilding.com/exercises/detail/view/name/front-incline-dumbbell-raise,Front Incline Dumbbell Raise
http://www.bodybuilding.com/exercises/detail/view/name/front-plate-raise,Front Plate Raise
http://www.bodybuilding.com/exercises/detail/view/name/front-squat-clean-grip,Front Squat (Clean Grip)
http://www.bodybuilding.com/exercises/detail/view/name/front-two-dumbbell-raise,Front Two-Dumbbell Raise
http://www.bodybuilding.com/exercises/detail/view/name/farmers-walk,Farmer's Walk
http://www.bodybuilding.com/exercises/detail/view/name/finger-curls,Finger Curls
http://www.bodybuilding.com/exercises/detail/view/name/flat-bench-leg-pull-in,Flat Bench Leg Pull-In
http://www.bodybuilding.com/exercises/detail/view/name/flexor-incline-dumbbell-curls,Flexor Incline Dumbbell Curls
http://www.bodybuilding.com/exercises/detail/view/name/floor-press,Floor Press
http://www.bodybuilding.com/exercises/detail/view/name/flutter-kicks,Flutter Kicks
http://www.bodybuilding.com/exercises/detail/view/name/forward-drag-with-press,Forward Drag with Press
http://www.bodybuilding.com/exercises/detail/view/name/freehand-jump-squat,Freehand Jump Squat
http://www.bodybuilding.com/exercises/detail/view/name/frog-sit-ups,Frog Sit-Ups
http://www.bodybuilding.com/exercises/detail/view/name/front-barbell-squat-to-a-bench,Front Barbell Squat To A Bench
http://www.bodybuilding.com/exercises/detail/view/name/front-cable-raise,Front Cable Raise
http://www.bodybuilding.com/exercises/detail/view/name/front-dumbbell-raise,Front Dumbbell Raise
http://www.bodybuilding.com/exercises/detail/view/name/front-leg-raises,Front Leg Raises
http://www.bodybuilding.com/exercises/detail/view/name/front-raise-and-pullover,Front Raise And Pullover
http://www.bodybuilding.com/exercises/detail/view/name/front-squats-with-two-kettlebells,Front Squats With Two Kettlebells
http://www.bodybuilding.com/exercises/detail/view/name/full-range-of-motion-lat-pulldown,Full Range-Of-Motion Lat Pulldown
http://www.bodybuilding.com/exercises/detail/view/name/gironda-sternum-chins,Gironda Sternum Chins
http://www.bodybuilding.com/exercises/detail/view/name/glute-kickback,Glute Kickback
http://www.bodybuilding.com/exercises/detail/view/name/good-morning,Good Morning
http://www.bodybuilding.com/exercises/detail/view/name/gorilla-chincrunch,Gorilla Chin/Crunch
http://www.bodybuilding.com/exercises/detail/view/name/groiners-,Groiners
http://www.bodybuilding.com/exercises/detail/view/name/glute-ham-raise,Glute Ham Raise
http://www.bodybuilding.com/exercises/detail/view/name/goblet-squat,Goblet Squat
http://www.bodybuilding.com/exercises/detail/view/name/good-morning-off-pins,Good Morning off Pins
http://www.bodybuilding.com/exercises/detail/view/name/groin-and-back-stretch,Groin and Back Stretch
http://www.bodybuilding.com/exercises/detail/view/name/hack-squat,Hack Squat
http://www.bodybuilding.com/exercises/detail/view/name/hammer-grip-incline-db-bench-press,Hammer Grip Incline DB Bench Press
http://www.bodybuilding.com/exercises/detail/view/name/hamstring-smr,Hamstring-SMR
http://www.bodybuilding.com/exercises/detail/view/name/hang-clean,Hang Clean
http://www.bodybuilding.com/exercises/detail/view/name/hang-snatch,Hang Snatch
http://www.bodybuilding.com/exercises/detail/view/name/hanging-bar-good-morning,Hanging Bar Good Morning
http://www.bodybuilding.com/exercises/detail/view/name/hanging-pike,Hanging Pike
http://www.bodybuilding.com/exercises/detail/view/name/heavy-bag-thrust,Heavy Bag Thrust
http://www.bodybuilding.com/exercises/detail/view/name/hip-circles-prone,Hip Circles (prone)
http://www.bodybuilding.com/exercises/detail/view/name/hip-extension-with-bands,Hip Extension with Bands
http://www.bodybuilding.com/exercises/detail/view/name/hip-lift-with-band,Hip Lift with Band
http://www.bodybuilding.com/exercises/detail/view/name/hug-knees-to-chest,Hug Knees To Chest
http://www.bodybuilding.com/exercises/detail/view/name/hyperextensions-back-extensions,Hyperextensions (Back Extensions)
http://www.bodybuilding.com/exercises/detail/view/name/hammer-curls,Hammer Curls
http://www.bodybuilding.com/exercises/detail/view/name/hamstring-stretch,Hamstring Stretch
http://www.bodybuilding.com/exercises/detail/view/name/handstand-push-ups,Handstand Push-Ups
http://www.bodybuilding.com/exercises/detail/view/name/hang-clean-below-the-knees,Hang Clean - Below the Knees
http://www.bodybuilding.com/exercises/detail/view/name/hang-snatch-below-knees,Hang Snatch - Below Knees
http://www.bodybuilding.com/exercises/detail/view/name/hanging-leg-raise,Hanging Leg Raise
http://www.bodybuilding.com/exercises/detail/view/name/heaving-snatch-balance,Heaving Snatch Balance
http://www.bodybuilding.com/exercises/detail/view/name/high-cable-curls,High Cable Curls
http://www.bodybuilding.com/exercises/detail/view/name/hip-crossover,Hip Crossover
http://www.bodybuilding.com/exercises/detail/view/name/hip-flexion-with-band,Hip Flexion with Band
http://www.bodybuilding.com/exercises/detail/view/name/hug-a-ball,Hug A Ball
http://www.bodybuilding.com/exercises/detail/view/name/hurdle-hops,Hurdle Hops
http://www.bodybuilding.com/exercises/detail/view/name/hyperextensions-with-no-hyperextension-bench,Hyperextensions With No Hyperextension Bench
http://www.bodybuilding.com/exercises/detail/view/name/iliotibial-tract-smr,Iliotibial Tract-SMR
http://www.bodybuilding.com/exercises/detail/view/name/incline-bench-pull,Incline Bench Pull
http://www.bodybuilding.com/exercises/detail/view/name/incline-cable-flye,Incline Cable Flye
http://www.bodybuilding.com/exercises/detail/view/name/incline-dumbbell-curl,Incline Dumbbell Curl
http://www.bodybuilding.com/exercises/detail/view/name/incline-dumbbell-flyes-with-a-twist,Incline Dumbbell Flyes - With A Twist
http://www.bodybuilding.com/exercises/detail/view/name/incline-hammer-curls,Incline Hammer Curls
http://www.bodybuilding.com/exercises/detail/view/name/incline-push-up,Incline Push-Up
http://www.bodybuilding.com/exercises/detail/view/name/incline-push-up-depth-jump,Incline Push-Up Depth Jump
http://www.bodybuilding.com/exercises/detail/view/name/incline-push-up-reverse-grip,Incline Push-Up Reverse Grip
http://www.bodybuilding.com/exercises/detail/view/name/intermediate-groin-stretch,Intermediate Groin Stretch
http://www.bodybuilding.com/exercises/detail/view/name/internal-rotation-with-band,Internal Rotation with Band
http://www.bodybuilding.com/exercises/detail/view/name/inverted-row-with-straps,Inverted Row with Straps
http://www.bodybuilding.com/exercises/detail/view/name/iron-crosses-stretch,Iron Crosses (stretch)
http://www.bodybuilding.com/exercises/detail/view/name/isometric-neck-exercise-front-and-back,Isometric Neck Exercise - Front And Back
http://www.bodybuilding.com/exercises/detail/view/name/isometric-wipers,Isometric Wipers
http://www.bodybuilding.com/exercises/detail/view/name/incline-barbell-triceps-extension,Incline Barbell Triceps Extension
http://www.bodybuilding.com/exercises/detail/view/name/incline-cable-chest-press,Incline Cable Chest Press
http://www.bodybuilding.com/exercises/detail/view/name/incline-dumbbell-bench-with-palms-facing-in,Incline Dumbbell Bench With Palms Facing In
http://www.bodybuilding.com/exercises/detail/view/name/incline-dumbbell-flyes,Incline Dumbbell Flyes
http://www.bodybuilding.com/exercises/detail/view/name/incline-dumbbell-press,Incline Dumbbell Press
http://www.bodybuilding.com/exercises/detail/view/name/incline-inner-biceps-curl,Incline Inner Biceps Curl
http://www.bodybuilding.com/exercises/detail/view/name/incline-push-up-close-grip,Incline Push-Up Close-Grip
http://www.bodybuilding.com/exercises/detail/view/name/incline-push-up-medium,Incline Push-Up Medium
http://www.bodybuilding.com/exercises/detail/view/name/incline-push-up-wide,Incline Push-Up Wide
http://www.bodybuilding.com/exercises/detail/view/name/intermediate-hip-flexor-and-quad-stretch,Intermediate Hip Flexor and Quad Stretch
http://www.bodybuilding.com/exercises/detail/view/name/inverted-row,Inverted Row
http://www.bodybuilding.com/exercises/detail/view/name/iron-cross,Iron Cross
http://www.bodybuilding.com/exercises/detail/view/name/isometric-chest-squeezes,Isometric Chest Squeezes
http://www.bodybuilding.com/exercises/detail/view/name/isometric-neck-exercise-sides,Isometric Neck Exercise - Sides
http://www.bodybuilding.com/exercises/detail/view/name/it-band-and-glute-stretch,IT Band and Glute Stretch
http://www.bodybuilding.com/exercises/detail/view/name/jackknife-sit-up,Jackknife Sit-Up
http://www.bodybuilding.com/exercises/detail/view/name/jefferson-squats,Jefferson Squats
http://www.bodybuilding.com/exercises/detail/view/name/jerk-dip-squat,Jerk Dip Squat
http://www.bodybuilding.com/exercises/detail/view/name/jogging-treadmill,Jogging-Treadmill
http://www.bodybuilding.com/exercises/detail/view/name/janda-sit-up,Janda Sit-Up
http://www.bodybuilding.com/exercises/detail/view/name/jerk-balance,Jerk Balance
http://www.bodybuilding.com/exercises/detail/view/name/jm-press,JM Press
http://www.bodybuilding.com/exercises/detail/view/name/keg-load,Keg Load
http://www.bodybuilding.com/exercises/detail/view/name/kettlebell-dead-clean,Kettlebell Dead Clean
http://www.bodybuilding.com/exercises/detail/view/name/kettlebell-hang-clean,Kettlebell Hang Clean
http://www.bodybuilding.com/exercises/detail/view/name/kettlebell-pass-between-the-legs,Kettlebell Pass Between The Legs
http://www.bodybuilding.com/exercises/detail/view/name/kettlebell-pistol-squat,Kettlebell Pistol Squat
http://www.bodybuilding.com/exercises/detail/view/name/kettlebell-seesaw-press,Kettlebell Seesaw Press
http://www.bodybuilding.com/exercises/detail/view/name/kettlebell-thruster,Kettlebell Thruster
http://www.bodybuilding.com/exercises/detail/view/name/kettlebell-turkish-get-up-squat-style,Kettlebell Turkish Get-Up (Squat style)
http://www.bodybuilding.com/exercises/detail/view/name/kipping-muscle-up,Kipping Muscle Up
http://www.bodybuilding.com/exercises/detail/view/name/knee-circles,Knee Circles
http://www.bodybuilding.com/exercises/detail/view/name/kneehip-raise-on-parallel-bars,Knee/Hip Raise On Parallel Bars
http://www.bodybuilding.com/exercises/detail/view/name/kneeling-cable-crunch-with-alternating-oblique-twists,Kneeling Cable Crunch With Alternating Oblique Twists
http://www.bodybuilding.com/exercises/detail/view/name/kneeling-forearm-stretch,Kneeling Forearm Stretch
http://www.bodybuilding.com/exercises/detail/view/name/kneeling-hip-flexor,Kneeling Hip Flexor
http://www.bodybuilding.com/exercises/detail/view/name/kneeling-single-arm-high-pulley-row,Kneeling Single-Arm High Pulley Row
http://www.bodybuilding.com/exercises/detail/view/name/kettlebell-arnold-press-,Kettlebell Arnold Press
http://www.bodybuilding.com/exercises/detail/view/name/kettlebell-figure-8,Kettlebell Figure 8
http://www.bodybuilding.com/exercises/detail/view/name/kettlebell-one-legged-deadlift,Kettlebell One-Legged Deadlift
http://www.bodybuilding.com/exercises/detail/view/name/kettlebell-pirate-ships,Kettlebell Pirate Ships
http://www.bodybuilding.com/exercises/detail/view/name/kettlebell-seated-press,Kettlebell Seated Press
http://www.bodybuilding.com/exercises/detail/view/name/kettlebell-sumo-high-pull,Kettlebell Sumo High Pull
http://www.bodybuilding.com/exercises/detail/view/name/kettlebell-turkish-get-up-lunge-style,Kettlebell Turkish Get-Up (Lunge style)
http://www.bodybuilding.com/exercises/detail/view/name/kettlebell-windmill,Kettlebell Windmill
http://www.bodybuilding.com/exercises/detail/view/name/knee-across-the-body,Knee Across The Body
http://www.bodybuilding.com/exercises/detail/view/name/knee-tuck-jump,Knee Tuck Jump
http://www.bodybuilding.com/exercises/detail/view/name/kneeling-arm-drill-,Kneeling Arm Drill
http://www.bodybuilding.com/exercises/detail/view/name/kneeling-cable-triceps-extension,Kneeling Cable Triceps Extension
http://www.bodybuilding.com/exercises/detail/view/name/kneeling-high-pulley-row,Kneeling High Pulley Row
http://www.bodybuilding.com/exercises/detail/view/name/kneeling-jump-squat,Kneeling Jump Squat
http://www.bodybuilding.com/exercises/detail/view/name/kneeling-squat,Kneeling Squat
http://www.bodybuilding.com/exercises/detail/view/name/landmine-180s,Landmine 180's
http://www.bodybuilding.com/exercises/detail/view/name/lateral-bound-,Lateral Bound
http://www.bodybuilding.com/exercises/detail/view/name/lateral-cone-hops,Lateral Cone Hops
http://www.bodybuilding.com/exercises/detail/view/name/latissimus-dorsi-smr,Latissimus Dorsi-SMR
http://www.bodybuilding.com/exercises/detail/view/name/leg-lift,Leg Lift
http://www.bodybuilding.com/exercises/detail/view/name/leg-pull-in,Leg Pull-In
http://www.bodybuilding.com/exercises/detail/view/name/leg-up-hamstring-stretch,Leg-Up Hamstring Stretch
http://www.bodybuilding.com/exercises/detail/view/name/leverage-deadlift,Leverage Deadlift
http://www.bodybuilding.com/exercises/detail/view/name/leverage-high-row,Leverage High Row
http://www.bodybuilding.com/exercises/detail/view/name/leverage-iso-row,Leverage Iso Row
http://www.bodybuilding.com/exercises/detail/view/name/leverage-shrug,Leverage Shrug
http://www.bodybuilding.com/exercises/detail/view/name/linear-acceleration-wall-drill,Linear Acceleration Wall Drill
http://www.bodybuilding.com/exercises/detail/view/name/log-lift,Log Lift
http://www.bodybuilding.com/exercises/detail/view/name/looking-at-ceiling,Looking At Ceiling
http://www.bodybuilding.com/exercises/detail/view/name/low-cable-triceps-extension,Low Cable Triceps Extension
http://www.bodybuilding.com/exercises/detail/view/name/lower-back-curl,Lower Back Curl
http://www.bodybuilding.com/exercises/detail/view/name/lunge-pass-through,Lunge Pass Through
http://www.bodybuilding.com/exercises/detail/view/name/lying-bent-leg-groin,Lying Bent Leg Groin
http://www.bodybuilding.com/exercises/detail/view/name/lying-cambered-barbell-row,Lying Cambered Barbell Row
http://www.bodybuilding.com/exercises/detail/view/name/lying-close-grip-barbell-triceps-extension-behind-the-head,Lying Close-Grip Barbell Triceps Extension Behind The Head
http://www.bodybuilding.com/exercises/detail/view/name/lying-crossover,Lying Crossover
http://www.bodybuilding.com/exercises/detail/view/name/lying-face-down-plate-neck-resistance,Lying Face Down Plate Neck Resistance
http://www.bodybuilding.com/exercises/detail/view/name/lying-glute,Lying Glute
http://www.bodybuilding.com/exercises/detail/view/name/lying-high-bench-barbell-curl,Lying High Bench Barbell Curl
http://www.bodybuilding.com/exercises/detail/view/name/lying-machine-squat,Lying Machine Squat
http://www.bodybuilding.com/exercises/detail/view/name/lying-prone-quadriceps,Lying Prone Quadriceps
http://www.bodybuilding.com/exercises/detail/view/name/lying-supine-dumbbell-curl,Lying Supine Dumbbell Curl
http://www.bodybuilding.com/exercises/detail/view/name/lying-triceps-press,Lying Triceps Press
http://www.bodybuilding.com/exercises/detail/view/name/landmine-linear-jammer,Landmine Linear Jammer
http://www.bodybuilding.com/exercises/detail/view/name/lateral-box-jump,Lateral Box Jump
http://www.bodybuilding.com/exercises/detail/view/name/lateral-raise-with-bands,Lateral Raise - With Bands
http://www.bodybuilding.com/exercises/detail/view/name/leg-extensions,Leg Extensions
http://www.bodybuilding.com/exercises/detail/view/name/leg-press,Leg Press
http://www.bodybuilding.com/exercises/detail/view/name/leg-over-floor-press,Leg-Over Floor Press
http://www.bodybuilding.com/exercises/detail/view/name/leverage-chest-press,Leverage Chest Press
http://www.bodybuilding.com/exercises/detail/view/name/leverage-decline-chest-press,Leverage Decline Chest Press
http://www.bodybuilding.com/exercises/detail/view/name/leverage-incline-chest-press,Leverage Incline Chest Press
http://www.bodybuilding.com/exercises/detail/view/name/leverage-shoulder-press,Leverage Shoulder Press
http://www.bodybuilding.com/exercises/detail/view/name/linear-3-part-start-technique,Linear 3-Part Start Technique
http://www.bodybuilding.com/exercises/detail/view/name/linear-depth-jump,Linear Depth Jump
http://www.bodybuilding.com/exercises/detail/view/name/london-bridges,London Bridges
http://www.bodybuilding.com/exercises/detail/view/name/low-cable-crossover,Low Cable Crossover
http://www.bodybuilding.com/exercises/detail/view/name/low-pulley-row-to-neck,Low Pulley Row To Neck
http://www.bodybuilding.com/exercises/detail/view/name/lower-back-smr,Lower Back-SMR
http://www.bodybuilding.com/exercises/detail/view/name/lunge-sprint,Lunge Sprint
http://www.bodybuilding.com/exercises/detail/view/name/lying-cable-curl,Lying Cable Curl
http://www.bodybuilding.com/exercises/detail/view/name/lying-close-grip-bar-curl-on-high-pulley,Lying Close-Grip Bar Curl On High Pulley
http://www.bodybuilding.com/exercises/detail/view/name/lying-close-grip-barbell-triceps-press-to-chin,Lying Close-Grip Barbell Triceps Press To Chin
http://www.bodybuilding.com/exercises/detail/view/name/lying-dumbbell-tricep-extension,Lying Dumbbell Tricep Extension
http://www.bodybuilding.com/exercises/detail/view/name/lying-face-up-plate-neck-resistance,Lying Face Up Plate Neck Resistance
http://www.bodybuilding.com/exercises/detail/view/name/lying-hamstring,Lying Hamstring
http://www.bodybuilding.com/exercises/detail/view/name/lying-leg-curls,Lying Leg Curls
http://www.bodybuilding.com/exercises/detail/view/name/lying-one-arm-lateral-raise,Lying One-Arm Lateral Raise
http://www.bodybuilding.com/exercises/detail/view/name/lying-rear-delt-raise,Lying Rear Delt Raise
http://www.bodybuilding.com/exercises/detail/view/name/lying-t-bar-row,Lying T-Bar Row
http://www.bodybuilding.com/exercises/detail/view/name/machine-bench-press,Machine Bench Press
http://www.bodybuilding.com/exercises/detail/view/name/machine-preacher-curls,Machine Preacher Curls
http://www.bodybuilding.com/exercises/detail/view/name/machine-triceps-extension,Machine Triceps Extension
http://www.bodybuilding.com/exercises/detail/view/name/medicine-ball-full-twist,Medicine Ball Full Twist
http://www.bodybuilding.com/exercises/detail/view/name/middle-back-shrug,Middle Back Shrug
http://www.bodybuilding.com/exercises/detail/view/name/mixed-grip-chin,Mixed Grip Chin
http://www.bodybuilding.com/exercises/detail/view/name/mountain-climbers,Mountain Climbers
http://www.bodybuilding.com/exercises/detail/view/name/muscle-snatch,Muscle Snatch
http://www.bodybuilding.com/exercises/detail/view/name/machine-bicep-curl,Machine Bicep Curl
http://www.bodybuilding.com/exercises/detail/view/name/machine-shoulder-military-press,Machine Shoulder (Military) Press
http://www.bodybuilding.com/exercises/detail/view/name/medicine-ball-chest-pass,Medicine Ball Chest Pass
http://www.bodybuilding.com/exercises/detail/view/name/medicine-ball-scoop-throw,Medicine Ball Scoop Throw
http://www.bodybuilding.com/exercises/detail/view/name/middle-back-stretch,Middle Back Stretch
http://www.bodybuilding.com/exercises/detail/view/name/monster-walk,Monster Walk
http://www.bodybuilding.com/exercises/detail/view/name/moving-claw-series-,Moving Claw Series
http://www.bodybuilding.com/exercises/detail/view/name/muscle-up,Muscle Up
http://www.bodybuilding.com/exercises/detail/view/name/narrow-stance-hack-squats,Narrow Stance Hack Squats
http://www.bodybuilding.com/exercises/detail/view/name/narrow-stance-squats,Narrow Stance Squats
http://www.bodybuilding.com/exercises/detail/view/name/neck-press,Neck Press
http://www.bodybuilding.com/exercises/detail/view/name/narrow-stance-leg-press,Narrow Stance Leg Press
http://www.bodybuilding.com/exercises/detail/view/name/natural-glute-ham-raise,Natural Glute Ham Raise
http://www.bodybuilding.com/exercises/detail/view/name/neck-smr,Neck-SMR
http://www.bodybuilding.com/exercises/detail/view/name/oblique-crunches,Oblique Crunches
http://www.bodybuilding.com/exercises/detail/view/name/olympic-squat-,Olympic Squat
http://www.bodybuilding.com/exercises/detail/view/name/on-your-back-quad-stretch,On-Your-Back Quad Stretch
http://www.bodybuilding.com/exercises/detail/view/name/one-arm-chin-up,One Arm Chin-Up
http://www.bodybuilding.com/exercises/detail/view/name/one-arm-dumbbell-preacher-curl,One Arm Dumbbell Preacher Curl
http://www.bodybuilding.com/exercises/detail/view/name/one-arm-lat-pulldown,One Arm Lat Pulldown
http://www.bodybuilding.com/exercises/detail/view/name/one-arm-supinated-dumbbell-triceps-extension,One Arm Supinated Dumbbell Triceps Extension
http://www.bodybuilding.com/exercises/detail/view/name/one-handed-hang,One Handed Hang
http://www.bodybuilding.com/exercises/detail/view/name/one-leg-barbell-squat,One Leg Barbell Squat
http://www.bodybuilding.com/exercises/detail/view/name/one-arm-flat-bench-dumbbell-flye,One-Arm Flat Bench Dumbbell Flye
http://www.bodybuilding.com/exercises/detail/view/name/one-arm-incline-lateral-raise,One-Arm Incline Lateral Raise
http://www.bodybuilding.com/exercises/detail/view/name/one-arm-kettlebell-clean-and-jerk-,One-Arm Kettlebell Clean and Jerk
http://www.bodybuilding.com/exercises/detail/view/name/one-arm-kettlebell-jerk,One-Arm Kettlebell Jerk
http://www.bodybuilding.com/exercises/detail/view/name/one-arm-kettlebell-para-press-,One-Arm Kettlebell Para Press
http://www.bodybuilding.com/exercises/detail/view/name/one-arm-kettlebell-row,One-Arm Kettlebell Row
http://www.bodybuilding.com/exercises/detail/view/name/one-arm-kettlebell-split-jerk,One-Arm Kettlebell Split Jerk
http://www.bodybuilding.com/exercises/detail/view/name/one-arm-kettlebell-swings,One-Arm Kettlebell Swings
http://www.bodybuilding.com/exercises/detail/view/name/one-arm-medicine-ball-slam,One-Arm Medicine Ball Slam
http://www.bodybuilding.com/exercises/detail/view/name/one-arm-overhead-kettlebell-squats,One-Arm Overhead Kettlebell Squats
http://www.bodybuilding.com/exercises/detail/view/name/one-arm-side-laterals,One-Arm Side Laterals
http://www.bodybuilding.com/exercises/detail/view/name/open-palm-kettlebell-clean-,Open Palm Kettlebell Clean
http://www.bodybuilding.com/exercises/detail/view/name/overhead-cable-curl,Overhead Cable Curl
http://www.bodybuilding.com/exercises/detail/view/name/overhead-slam,Overhead Slam
http://www.bodybuilding.com/exercises/detail/view/name/overhead-stretch,Overhead Stretch
http://www.bodybuilding.com/exercises/detail/view/name/oblique-crunches-on-the-floor,Oblique Crunches - On The Floor
http://www.bodybuilding.com/exercises/detail/view/name/on-your-side-quad-stretch,On Your Side Quad Stretch
http://www.bodybuilding.com/exercises/detail/view/name/one-arm-against-wall,One Arm Against Wall
http://www.bodybuilding.com/exercises/detail/view/name/one-arm-dumbbell-bench-press,One Arm Dumbbell Bench Press
http://www.bodybuilding.com/exercises/detail/view/name/one-arm-floor-press,One Arm Floor Press
http://www.bodybuilding.com/exercises/detail/view/name/one-arm-pronated-dumbbell-triceps-extension,One Arm Pronated Dumbbell Triceps Extension
http://www.bodybuilding.com/exercises/detail/view/name/one-half-locust,One Half Locust
http://www.bodybuilding.com/exercises/detail/view/name/one-knee-to-chest,One Knee To Chest
http://www.bodybuilding.com/exercises/detail/view/name/one-arm-dumbbell-row,One-Arm Dumbbell Row
http://www.bodybuilding.com/exercises/detail/view/name/one-arm-high-pulley-cable-side-bends-,One-Arm High-Pulley Cable Side Bends
http://www.bodybuilding.com/exercises/detail/view/name/one-arm-kettlebell-clean,One-Arm Kettlebell Clean
http://www.bodybuilding.com/exercises/detail/view/name/one-arm-kettlebell-floor-press,One-Arm Kettlebell Floor Press
http://www.bodybuilding.com/exercises/detail/view/name/one-arm-kettlebell-military-press-to-the-side,One-Arm Kettlebell Military Press To The Side
http://www.bodybuilding.com/exercises/detail/view/name/one-arm-kettlebell-push-press,One-Arm Kettlebell Push Press
http://www.bodybuilding.com/exercises/detail/view/name/one-arm-kettlebell-snatch,One-Arm Kettlebell Snatch
http://www.bodybuilding.com/exercises/detail/view/name/one-arm-kettlebell-split-snatch-,One-Arm Kettlebell Split Snatch
http://www.bodybuilding.com/exercises/detail/view/name/one-arm-long-bar-row,One-Arm Long Bar Row
http://www.bodybuilding.com/exercises/detail/view/name/one-arm-open-palm-kettlebell-clean-,One-Arm Open Palm Kettlebell Clean
http://www.bodybuilding.com/exercises/detail/view/name/one-arm-side-deadlift,One-Arm Side Deadlift
http://www.bodybuilding.com/exercises/detail/view/name/one-legged-cable-kickback,One-Legged Cable Kickback
http://www.bodybuilding.com/exercises/detail/view/name/otis-up,Otis-Up
http://www.bodybuilding.com/exercises/detail/view/name/overhead-lat,Overhead Lat
http://www.bodybuilding.com/exercises/detail/view/name/overhead-squat,Overhead Squat
http://www.bodybuilding.com/exercises/detail/view/name/overhead-triceps,Overhead Triceps
http://www.bodybuilding.com/exercises/detail/view/name/pallof-press-with-rotation,Pallof Press With Rotation
http://www.bodybuilding.com/exercises/detail/view/name/palms-down-wrist-curl-over-a-bench,Palms-Down Wrist Curl Over A Bench
http://www.bodybuilding.com/exercises/detail/view/name/palms-up-dumbbell-wrist-curl-over-a-bench,Palms-Up Dumbbell Wrist Curl Over A Bench
http://www.bodybuilding.com/exercises/detail/view/name/pelvic-tilt-into-bridge,Pelvic Tilt Into Bridge
http://www.bodybuilding.com/exercises/detail/view/name/peroneals-smr,Peroneals-SMR
http://www.bodybuilding.com/exercises/detail/view/name/pin-presses,Pin Presses
http://www.bodybuilding.com/exercises/detail/view/name/plank,Plank
http://www.bodybuilding.com/exercises/detail/view/name/plate-pinch,Plate Pinch
http://www.bodybuilding.com/exercises/detail/view/name/platform-hamstring-slides,Platform Hamstring Slides
http://www.bodybuilding.com/exercises/detail/view/name/plyo-kettlebell-pushups,Plyo Kettlebell Pushups
http://www.bodybuilding.com/exercises/detail/view/name/posterior-tibialis-stretch,Posterior Tibialis Stretch
http://www.bodybuilding.com/exercises/detail/view/name/power-clean-from-blocks,Power Clean from Blocks
http://www.bodybuilding.com/exercises/detail/view/name/power-partials,Power Partials
http://www.bodybuilding.com/exercises/detail/view/name/power-snatch-from-blocks,Power Snatch from Blocks
http://www.bodybuilding.com/exercises/detail/view/name/preacher-curl,Preacher Curl
http://www.bodybuilding.com/exercises/detail/view/name/press-sit-up,Press Sit-Up
http://www.bodybuilding.com/exercises/detail/view/name/prowler-sprint,Prowler Sprint
http://www.bodybuilding.com/exercises/detail/view/name/pullups,Pullups
http://www.bodybuilding.com/exercises/detail/view/name/push-press-behind-the-neck,Push Press - Behind the Neck
http://www.bodybuilding.com/exercises/detail/view/name/push-up-wide,Push-Up Wide
http://www.bodybuilding.com/exercises/detail/view/name/push-ups-with-feet-elevated,Push-Ups With Feet Elevated
http://www.bodybuilding.com/exercises/detail/view/name/pushups,Pushups
http://www.bodybuilding.com/exercises/detail/view/name/pyramid,Pyramid
http://www.bodybuilding.com/exercises/detail/view/name/palms-down-dumbbell-wrist-curl-over-a-bench,Palms-Down Dumbbell Wrist Curl Over A Bench
http://www.bodybuilding.com/exercises/detail/view/name/palms-up-barbell-wrist-curl-over-a-bench,Palms-Up Barbell Wrist Curl Over A Bench
http://www.bodybuilding.com/exercises/detail/view/name/parallel-bar-dip,Parallel Bar Dip
http://www.bodybuilding.com/exercises/detail/view/name/peroneals-stretch,Peroneals Stretch
http://www.bodybuilding.com/exercises/detail/view/name/physioball-hip-bridge,Physioball Hip Bridge
http://www.bodybuilding.com/exercises/detail/view/name/piriformis-smr,Piriformis-SMR
http://www.bodybuilding.com/exercises/detail/view/name/plank-with-twist,Plank with Twist
http://www.bodybuilding.com/exercises/detail/view/name/plate-twist,Plate Twist
http://www.bodybuilding.com/exercises/detail/view/name/plie-dumbbell-squat,Plie Dumbbell Squat
http://www.bodybuilding.com/exercises/detail/view/name/plyo-push-up,Plyo Push-up
http://www.bodybuilding.com/exercises/detail/view/name/power-clean,Power Clean
http://www.bodybuilding.com/exercises/detail/view/name/power-jerk-,Power Jerk
http://www.bodybuilding.com/exercises/detail/view/name/power-snatch,Power Snatch
http://www.bodybuilding.com/exercises/detail/view/name/power-stairs,Power Stairs
http://www.bodybuilding.com/exercises/detail/view/name/preacher-hammer-dumbbell-curl,Preacher Hammer Dumbbell Curl
http://www.bodybuilding.com/exercises/detail/view/name/prone-manual-hamstring,Prone Manual Hamstring
http://www.bodybuilding.com/exercises/detail/view/name/pull-through,Pull Through
http://www.bodybuilding.com/exercises/detail/view/name/push-press,Push Press
http://www.bodybuilding.com/exercises/detail/view/name/push-up-to-side-plank,Push Up to Side Plank
http://www.bodybuilding.com/exercises/detail/view/name/push-ups-close-triceps-position,Push-Ups - Close Triceps Position
http://www.bodybuilding.com/exercises/detail/view/name/push-ups-with-feet-on-an-exercise-ball,Push-Ups With Feet On An Exercise Ball
http://www.bodybuilding.com/exercises/detail/view/name/pushups-close-and-wide-hand-positions,Pushups (Close and Wide Hand Positions)
http://www.bodybuilding.com/exercises/detail/view/name/quad-stretch,Quad Stretch
http://www.bodybuilding.com/exercises/detail/view/name/quick-leap,Quick Leap
http://www.bodybuilding.com/exercises/detail/view/name/quadriceps-smr,Quadriceps-SMR
http://www.bodybuilding.com/exercises/detail/view/name/rack-delivery,Rack Delivery
http://www.bodybuilding.com/exercises/detail/view/name/rack-pulls,Rack Pulls
http://www.bodybuilding.com/exercises/detail/view/name/recumbent-bike,Recumbent Bike
http://www.bodybuilding.com/exercises/detail/view/name/reverse-band-bench-press,Reverse Band Bench Press
http://www.bodybuilding.com/exercises/detail/view/name/reverse-band-deadlift,Reverse Band Deadlift
http://www.bodybuilding.com/exercises/detail/view/name/reverse-band-sumo-deadlift,Reverse Band Sumo Deadlift
http://www.bodybuilding.com/exercises/detail/view/name/reverse-barbell-preacher-curls,Reverse Barbell Preacher Curls
http://www.bodybuilding.com/exercises/detail/view/name/reverse-crunch,Reverse Crunch
http://www.bodybuilding.com/exercises/detail/view/name/reverse-flyes-with-external-rotation,Reverse Flyes With External Rotation
http://www.bodybuilding.com/exercises/detail/view/name/reverse-grip-triceps-pushdown,Reverse Grip Triceps Pushdown
http://www.bodybuilding.com/exercises/detail/view/name/reverse-machine-flyes,Reverse Machine Flyes
http://www.bodybuilding.com/exercises/detail/view/name/reverse-triceps-bench-press,Reverse Triceps Bench Press
http://www.bodybuilding.com/exercises/detail/view/name/rickshaw-carry,Rickshaw Carry
http://www.bodybuilding.com/exercises/detail/view/name/ring-dips,Ring Dips
http://www.bodybuilding.com/exercises/detail/view/name/rocking-standing-calf-raise,Rocking Standing Calf Raise
http://www.bodybuilding.com/exercises/detail/view/name/romanian-deadlift,Romanian Deadlift
http://www.bodybuilding.com/exercises/detail/view/name/rope-climb,Rope Climb
http://www.bodybuilding.com/exercises/detail/view/name/rope-jumping,Rope Jumping
http://www.bodybuilding.com/exercises/detail/view/name/round-the-world-shoulder-stretch,Round The World Shoulder Stretch
http://www.bodybuilding.com/exercises/detail/view/name/runners-stretch,Runner's Stretch
http://www.bodybuilding.com/exercises/detail/view/name/russian-twist,Russian Twist
http://www.bodybuilding.com/exercises/detail/view/name/rack-pull-with-bands,Rack Pull with Bands
http://www.bodybuilding.com/exercises/detail/view/name/rear-leg-raises,Rear Leg Raises
http://www.bodybuilding.com/exercises/detail/view/name/return-push-from-stance,Return Push from Stance
http://www.bodybuilding.com/exercises/detail/view/name/reverse-band-box-squat,Reverse Band Box Squat
http://www.bodybuilding.com/exercises/detail/view/name/reverse-band-power-squat,Reverse Band Power Squat
http://www.bodybuilding.com/exercises/detail/view/name/reverse-barbell-curl,Reverse Barbell Curl
http://www.bodybuilding.com/exercises/detail/view/name/reverse-cable-curl,Reverse Cable Curl
http://www.bodybuilding.com/exercises/detail/view/name/reverse-flyes,Reverse Flyes
http://www.bodybuilding.com/exercises/detail/view/name/reverse-grip-bent-over-rows,Reverse Grip Bent-Over Rows
http://www.bodybuilding.com/exercises/detail/view/name/reverse-hyperextension,Reverse Hyperextension
http://www.bodybuilding.com/exercises/detail/view/name/reverse-plate-curls,Reverse Plate Curls
http://www.bodybuilding.com/exercises/detail/view/name/rhomboids-smr,Rhomboids-SMR
http://www.bodybuilding.com/exercises/detail/view/name/rickshaw-deadlift-,Rickshaw Deadlift
http://www.bodybuilding.com/exercises/detail/view/name/rocket-jump,Rocket Jump
http://www.bodybuilding.com/exercises/detail/view/name/rocky-pull-upspulldowns,Rocky Pull-Ups/Pulldowns
http://www.bodybuilding.com/exercises/detail/view/name/romanian-deadlift-from-deficit,Romanian Deadlift from Deficit
http://www.bodybuilding.com/exercises/detail/view/name/rope-crunch,Rope Crunch
http://www.bodybuilding.com/exercises/detail/view/name/rope-straight-arm-pulldown,Rope Straight-Arm Pulldown
http://www.bodybuilding.com/exercises/detail/view/name/rowing-stationary,"Rowing, Stationary"
http://www.bodybuilding.com/exercises/detail/view/name/running-treadmill,"Running, Treadmill"
http://www.bodybuilding.com/exercises/detail/view/name/sandbag-load,Sandbag Load
http://www.bodybuilding.com/exercises/detail/view/name/scissor-kick,Scissor Kick
http://www.bodybuilding.com/exercises/detail/view/name/seated-band-hamstring-curl,Seated Band Hamstring Curl
http://www.bodybuilding.com/exercises/detail/view/name/seated-barbell-twist,Seated Barbell Twist
http://www.bodybuilding.com/exercises/detail/view/name/seated-bent-over-rear-delt-raise,Seated Bent-Over Rear Delt Raise
http://www.bodybuilding.com/exercises/detail/view/name/seated-biceps,Seated Biceps
http://www.bodybuilding.com/exercises/detail/view/name/seated-cable-shoulder-press,Seated Cable Shoulder Press
http://www.bodybuilding.com/exercises/detail/view/name/seated-calf-stretch,Seated Calf Stretch
http://www.bodybuilding.com/exercises/detail/view/name/seated-dumbbell-curl,Seated Dumbbell Curl
http://www.bodybuilding.com/exercises/detail/view/name/seated-dumbbell-palms-down-wrist-curl,Seated Dumbbell Palms-Down Wrist Curl
http://www.bodybuilding.com/exercises/detail/view/name/seated-dumbbell-press,Seated Dumbbell Press
http://www.bodybuilding.com/exercises/detail/view/name/seated-floor-hamstring-stretch,Seated Floor Hamstring Stretch
http://www.bodybuilding.com/exercises/detail/view/name/seated-glute,Seated Glute
http://www.bodybuilding.com/exercises/detail/view/name/seated-hamstring,Seated Hamstring
http://www.bodybuilding.com/exercises/detail/view/name/seated-head-harness-neck-resistance,Seated Head Harness Neck Resistance
http://www.bodybuilding.com/exercises/detail/view/name/seated-leg-tucks,Seated Leg Tucks
http://www.bodybuilding.com/exercises/detail/view/name/seated-one-arm-dumbbell-palms-down-wrist-curl,Seated One-Arm Dumbbell Palms-Down Wrist Curl
http://www.bodybuilding.com/exercises/detail/view/name/seated-overhead-stretch,Seated Overhead Stretch
http://www.bodybuilding.com/exercises/detail/view/name/seated-palms-down-barbell-wrist-curl,Seated Palms-Down Barbell Wrist Curl
http://www.bodybuilding.com/exercises/detail/view/name/seated-triceps-press,Seated Triceps Press
http://www.bodybuilding.com/exercises/detail/view/name/see-saw-press-alternating-side-press,See-Saw Press (Alternating Side Press)
http://www.bodybuilding.com/exercises/detail/view/name/shoulder-circles,Shoulder Circles
http://www.bodybuilding.com/exercises/detail/view/name/shoulder-raise,Shoulder Raise
http://www.bodybuilding.com/exercises/detail/view/name/side-bridge,Side Bridge
http://www.bodybuilding.com/exercises/detail/view/name/side-jackknife,Side Jackknife
http://www.bodybuilding.com/exercises/detail/view/name/side-laterals-to-front-raise-,Side Laterals to Front Raise
http://www.bodybuilding.com/exercises/detail/view/name/side-lying-groin-stretch,Side Lying Groin Stretch
http://www.bodybuilding.com/exercises/detail/view/name/side-standing-long-jump,Side Standing Long Jump
http://www.bodybuilding.com/exercises/detail/view/name/side-to-side-chins,Side To Side Chins
http://www.bodybuilding.com/exercises/detail/view/name/side-lying-floor-stretch,Side-Lying Floor Stretch
http://www.bodybuilding.com/exercises/detail/view/name/single-leg-butt-kick,Single Leg Butt Kick
http://www.bodybuilding.com/exercises/detail/view/name/single-leg-push-off,Single Leg Push-off
http://www.bodybuilding.com/exercises/detail/view/name/single-arm-linear-jammer,Single-Arm Linear Jammer
http://www.bodybuilding.com/exercises/detail/view/name/single-cone-sprint-drill,Single-Cone Sprint Drill
http://www.bodybuilding.com/exercises/detail/view/name/single-leg-hop-progression,Single-Leg Hop Progression
http://www.bodybuilding.com/exercises/detail/view/name/single-leg-leg-extension,Single-Leg Leg Extension
http://www.bodybuilding.com/exercises/detail/view/name/sit-squats,Sit Squats
http://www.bodybuilding.com/exercises/detail/view/name/skating,Skating
http://www.bodybuilding.com/exercises/detail/view/name/sled-overhead-backward-walk,Sled Overhead Backward Walk
http://www.bodybuilding.com/exercises/detail/view/name/sled-push,Sled Push
http://www.bodybuilding.com/exercises/detail/view/name/sled-row,Sled Row
http://www.bodybuilding.com/exercises/detail/view/name/smith-incline-shoulder-raise,Smith Incline Shoulder Raise
http://www.bodybuilding.com/exercises/detail/view/name/smith-machine-bench-press,Smith Machine Bench Press
http://www.bodybuilding.com/exercises/detail/view/name/smith-machine-calf-raise,Smith Machine Calf Raise
http://www.bodybuilding.com/exercises/detail/view/name/smith-machine-decline-press,Smith Machine Decline Press
http://www.bodybuilding.com/exercises/detail/view/name/smith-machine-hip-raise,Smith Machine Hip Raise
http://www.bodybuilding.com/exercises/detail/view/name/smith-machine-leg-press,Smith Machine Leg Press
http://www.bodybuilding.com/exercises/detail/view/name/smith-machine-overhead-shoulder-press,Smith Machine Overhead Shoulder Press
http://www.bodybuilding.com/exercises/detail/view/name/smith-machine-reverse-calf-raises,Smith Machine Reverse Calf Raises
http://www.bodybuilding.com/exercises/detail/view/name/smith-machine-squat,Smith Machine Squat
http://www.bodybuilding.com/exercises/detail/view/name/smith-machine-upright-row,Smith Machine Upright Row
http://www.bodybuilding.com/exercises/detail/view/name/snatch,Snatch
http://www.bodybuilding.com/exercises/detail/view/name/snatch-deadlift,Snatch Deadlift
http://www.bodybuilding.com/exercises/detail/view/name/snatch-pull,Snatch Pull
http://www.bodybuilding.com/exercises/detail/view/name/speed-band-overhead-triceps,Speed Band Overhead Triceps
http://www.bodybuilding.com/exercises/detail/view/name/speed-box-squat,Speed Box Squat
http://www.bodybuilding.com/exercises/detail/view/name/spell-caster,Spell Caster
http://www.bodybuilding.com/exercises/detail/view/name/spider-curl,Spider Curl
http://www.bodybuilding.com/exercises/detail/view/name/split-clean,Split Clean
http://www.bodybuilding.com/exercises/detail/view/name/split-jump,Split Jump
http://www.bodybuilding.com/exercises/detail/view/name/split-squat-with-dumbbells,Split Squat with Dumbbells
http://www.bodybuilding.com/exercises/detail/view/name/squat-jerk,Squat Jerk
http://www.bodybuilding.com/exercises/detail/view/name/squat-with-chains,Squat with Chains
http://www.bodybuilding.com/exercises/detail/view/name/squats-with-bands,Squats - With Bands
http://www.bodybuilding.com/exercises/detail/view/name/standing-alternating-dumbbell-press-,Standing Alternating Dumbbell Press
http://www.bodybuilding.com/exercises/detail/view/name/standing-barbell-press-behind-neck,Standing Barbell Press Behind Neck
http://www.bodybuilding.com/exercises/detail/view/name/standing-bent-over-two-arm-dumbbell-triceps-extension,Standing Bent-Over Two-Arm Dumbbell Triceps Extension
http://www.bodybuilding.com/exercises/detail/view/name/standing-biceps-stretch,Standing Biceps Stretch
http://www.bodybuilding.com/exercises/detail/view/name/standing-cable-chest-press,Standing Cable Chest Press
http://www.bodybuilding.com/exercises/detail/view/name/standing-cable-wood-chop,Standing Cable Wood Chop
http://www.bodybuilding.com/exercises/detail/view/name/standing-concentration-curl,Standing Concentration Curl
http://www.bodybuilding.com/exercises/detail/view/name/standing-dumbbell-press-,Standing Dumbbell Press
http://www.bodybuilding.com/exercises/detail/view/name/standing-dumbbell-straight-arm-front-delt-raise-above-head,Standing Dumbbell Straight-Arm Front Delt Raise Above Head
http://www.bodybuilding.com/exercises/detail/view/name/standing-dumbbell-upright-row,Standing Dumbbell Upright Row
http://www.bodybuilding.com/exercises/detail/view/name/standing-front-barbell-raise-over-head,Standing Front Barbell Raise Over Head
http://www.bodybuilding.com/exercises/detail/view/name/standing-hamstring-and-calf-stretch,Standing Hamstring and Calf Stretch
http://www.bodybuilding.com/exercises/detail/view/name/standing-hip-flexors,Standing Hip Flexors
http://www.bodybuilding.com/exercises/detail/view/name/standing-lateral-stretch,Standing Lateral Stretch
http://www.bodybuilding.com/exercises/detail/view/name/standing-long-jump,Standing Long Jump
http://www.bodybuilding.com/exercises/detail/view/name/standing-low-pulley-one-arm-triceps-extension,Standing Low-Pulley One-Arm Triceps Extension
http://www.bodybuilding.com/exercises/detail/view/name/standing-olympic-plate-hand-squeeze,Standing Olympic Plate Hand Squeeze
http://www.bodybuilding.com/exercises/detail/view/name/standing-one-arm-dumbbell-curl-over-incline-bench,Standing One-Arm Dumbbell Curl Over Incline Bench
http://www.bodybuilding.com/exercises/detail/view/name/standing-overhead-barbell-triceps-extension,Standing Overhead Barbell Triceps Extension
http://www.bodybuilding.com/exercises/detail/view/name/standing-palms-in-dumbbell-press,Standing Palms-In Dumbbell Press
http://www.bodybuilding.com/exercises/detail/view/name/standing-pelvic-tilt,Standing Pelvic Tilt
http://www.bodybuilding.com/exercises/detail/view/name/standing-soleus-and-achilles-stretch,Standing Soleus And Achilles Stretch
http://www.bodybuilding.com/exercises/detail/view/name/standing-towel-triceps-extension,Standing Towel Triceps Extension
http://www.bodybuilding.com/exercises/detail/view/name/star-jump,Star Jump
http://www.bodybuilding.com/exercises/detail/view/name/step-up-with-knee-raise,Step-up with Knee Raise
http://www.bodybuilding.com/exercises/detail/view/name/stiff-legged-barbell-deadlift,Stiff-Legged Barbell Deadlift
http://www.bodybuilding.com/exercises/detail/view/name/stomach-vacuum,Stomach Vacuum
http://www.bodybuilding.com/exercises/detail/view/name/straight-raises-on-incline-bench,Straight Raises on Incline Bench
http://www.bodybuilding.com/exercises/detail/view/name/straight-arm-pulldown,Straight-Arm Pulldown
http://www.bodybuilding.com/exercises/detail/view/name/sumo-deadlift,Sumo Deadlift
http://www.bodybuilding.com/exercises/detail/view/name/sumo-deadlift-with-chains,Sumo Deadlift with Chains
http://www.bodybuilding.com/exercises/detail/view/name/supine-chest-throw,Supine Chest Throw
http://www.bodybuilding.com/exercises/detail/view/name/supine-two-arm-overhead-throw,Supine Two-Arm Overhead Throw
http://www.bodybuilding.com/exercises/detail/view/name/suspended-reverse-crunch,Suspended Reverse Crunch
http://www.bodybuilding.com/exercises/detail/view/name/suspended-split-squat,Suspended Split Squat
http://www.bodybuilding.com/exercises/detail/view/name/scapular-pull-up,Scapular Pull-Up
http://www.bodybuilding.com/exercises/detail/view/name/scissors-jump,Scissors Jump
http://www.bodybuilding.com/exercises/detail/view/name/seated-barbell-military-press,Seated Barbell Military Press
http://www.bodybuilding.com/exercises/detail/view/name/seated-bent-over-one-arm-dumbbell-triceps-extension,Seated Bent-Over One-Arm Dumbbell Triceps Extension
http://www.bodybuilding.com/exercises/detail/view/name/seated-bent-over-two-arm-dumbbell-triceps-extension,Seated Bent-Over Two-Arm Dumbbell Triceps Extension
http://www.bodybuilding.com/exercises/detail/view/name/seated-cable-rows,Seated Cable Rows
http://www.bodybuilding.com/exercises/detail/view/name/seated-calf-raise,Seated Calf Raise
http://www.bodybuilding.com/exercises/detail/view/name/seated-close-grip-concentration-barbell-curl,Seated Close-Grip Concentration Barbell Curl
http://www.bodybuilding.com/exercises/detail/view/name/seated-dumbbell-inner-biceps-curl,Seated Dumbbell Inner Biceps Curl
http://www.bodybuilding.com/exercises/detail/view/name/seated-dumbbell-palms-up-wrist-curl,Seated Dumbbell Palms-Up Wrist Curl
http://www.bodybuilding.com/exercises/detail/view/name/seated-flat-bench-leg-pull-in,Seated Flat Bench Leg Pull-In
http://www.bodybuilding.com/exercises/detail/view/name/seated-front-deltoid,Seated Front Deltoid
http://www.bodybuilding.com/exercises/detail/view/name/seated-good-mornings,Seated Good Mornings
http://www.bodybuilding.com/exercises/detail/view/name/seated-hamstring-and-calf-stretch,Seated Hamstring and Calf Stretch
http://www.bodybuilding.com/exercises/detail/view/name/seated-leg-curl,Seated Leg Curl
http://www.bodybuilding.com/exercises/detail/view/name/seated-one-arm-cable-pulley-rows,Seated One-arm Cable Pulley Rows
http://www.bodybuilding.com/exercises/detail/view/name/seated-one-arm-dumbbell-palms-up-wrist-curl,Seated One-Arm Dumbbell Palms-Up Wrist Curl
http://www.bodybuilding.com/exercises/detail/view/name/seated-palm-up-barbell-wrist-curl,Seated Palm-Up Barbell Wrist Curl
http://www.bodybuilding.com/exercises/detail/view/name/seated-side-lateral-raise,Seated Side Lateral Raise
http://www.bodybuilding.com/exercises/detail/view/name/seated-two-arm-palms-up-low-pulley-wrist-curl,Seated Two-Arm Palms-Up Low-Pulley Wrist Curl
http://www.bodybuilding.com/exercises/detail/view/name/shotgun-row,Shotgun Row
http://www.bodybuilding.com/exercises/detail/view/name/shoulder-press-with-bands,Shoulder Press - With Bands
http://www.bodybuilding.com/exercises/detail/view/name/shoulder-stretch,Shoulder Stretch
http://www.bodybuilding.com/exercises/detail/view/name/side-hop-sprint,Side Hop-Sprint
http://www.bodybuilding.com/exercises/detail/view/name/side-lateral-raise,Side Lateral Raise
http://www.bodybuilding.com/exercises/detail/view/name/side-leg-raises,Side Leg Raises
http://www.bodybuilding.com/exercises/detail/view/name/side-neck-stretch,Side Neck Stretch
http://www.bodybuilding.com/exercises/detail/view/name/side-to-side-box-shuffle,Side to Side Box Shuffle
http://www.bodybuilding.com/exercises/detail/view/name/side-wrist-pull,Side Wrist Pull
http://www.bodybuilding.com/exercises/detail/view/name/single-dumbbell-raise,Single Dumbbell Raise
http://www.bodybuilding.com/exercises/detail/view/name/single-leg-glute-bridge-,Single Leg Glute Bridge
http://www.bodybuilding.com/exercises/detail/view/name/single-arm-cable-crossover,Single-Arm Cable Crossover
http://www.bodybuilding.com/exercises/detail/view/name/single-arm-push-up,Single-Arm Push-Up
http://www.bodybuilding.com/exercises/detail/view/name/single-leg-high-box-squat,Single-Leg High Box Squat
http://www.bodybuilding.com/exercises/detail/view/name/single-leg-lateral-hop,Single-Leg Lateral Hop
http://www.bodybuilding.com/exercises/detail/view/name/single-leg-stride-jump,Single-Leg Stride Jump
http://www.bodybuilding.com/exercises/detail/view/name/sit-up,Sit-Up
http://www.bodybuilding.com/exercises/detail/view/name/sled-drag-harness,Sled Drag - Harness
http://www.bodybuilding.com/exercises/detail/view/name/sled-overhead-triceps-extension,Sled Overhead Triceps Extension
http://www.bodybuilding.com/exercises/detail/view/name/sled-reverse-flye,Sled Reverse Flye
http://www.bodybuilding.com/exercises/detail/view/name/sledgehammer-swings,Sledgehammer Swings
http://www.bodybuilding.com/exercises/detail/view/name/smith-machine-behind-the-back-shrug,Smith Machine Behind the Back Shrug
http://www.bodybuilding.com/exercises/detail/view/name/smith-machine-bent-over-row,Smith Machine Bent Over Row
http://www.bodybuilding.com/exercises/detail/view/name/smith-machine-close-grip-bench-press,Smith Machine Close-Grip Bench Press
http://www.bodybuilding.com/exercises/detail/view/name/smith-machine-hang-power-clean,Smith Machine Hang Power Clean
http://www.bodybuilding.com/exercises/detail/view/name/smith-machine-incline-bench-press,Smith Machine Incline Bench Press
http://www.bodybuilding.com/exercises/detail/view/name/smith-machine-one-arm-upright-row,Smith Machine One-Arm Upright Row
http://www.bodybuilding.com/exercises/detail/view/name/smith-machine-pistol-squat,Smith Machine Pistol Squat
http://www.bodybuilding.com/exercises/detail/view/name/smith-machine-shrug,Smith Machine Shrug
http://www.bodybuilding.com/exercises/detail/view/name/smith-machine-stiff-legged-deadlift,Smith Machine Stiff-Legged Deadlift
http://www.bodybuilding.com/exercises/detail/view/name/smith-single-leg-split-squat,Smith Single-Leg Split Squat
http://www.bodybuilding.com/exercises/detail/view/name/snatch-balance-,Snatch Balance
http://www.bodybuilding.com/exercises/detail/view/name/snatch-from-blocks,Snatch from Blocks
http://www.bodybuilding.com/exercises/detail/view/name/snatch-shrug,Snatch Shrug
http://www.bodybuilding.com/exercises/detail/view/name/speed-band-pushdown,Speed Band Pushdown
http://www.bodybuilding.com/exercises/detail/view/name/speed-squats,Speed Squats
http://www.bodybuilding.com/exercises/detail/view/name/spider-crawl,Spider Crawl
http://www.bodybuilding.com/exercises/detail/view/name/spinal-stretch,Spinal Stretch
http://www.bodybuilding.com/exercises/detail/view/name/split-jerk,Split Jerk
http://www.bodybuilding.com/exercises/detail/view/name/split-snatch,Split Snatch
http://www.bodybuilding.com/exercises/detail/view/name/split-squats,Split Squats
http://www.bodybuilding.com/exercises/detail/view/name/squat-with-bands,Squat with Bands
http://www.bodybuilding.com/exercises/detail/view/name/squat-with-plate-movers,Squat with Plate Movers
http://www.bodybuilding.com/exercises/detail/view/name/stairmaster,Stairmaster
http://www.bodybuilding.com/exercises/detail/view/name/standing-barbell-calf-raise,Standing Barbell Calf Raise
http://www.bodybuilding.com/exercises/detail/view/name/standing-bent-over-one-arm-dumbbell-triceps-extension,Standing Bent-Over One-Arm Dumbbell Triceps Extension
http://www.bodybuilding.com/exercises/detail/view/name/standing-biceps-cable-curl,Standing Biceps Cable Curl
http://www.bodybuilding.com/exercises/detail/view/name/standing-bradford-press,Standing Bradford Press
http://www.bodybuilding.com/exercises/detail/view/name/standing-cable-lift,Standing Cable Lift
http://www.bodybuilding.com/exercises/detail/view/name/standing-calf-raises,Standing Calf Raises
http://www.bodybuilding.com/exercises/detail/view/name/standing-dumbbell-calf-raise,Standing Dumbbell Calf Raise
http://www.bodybuilding.com/exercises/detail/view/name/standing-dumbbell-reverse-curl,Standing Dumbbell Reverse Curl
http://www.bodybuilding.com/exercises/detail/view/name/standing-dumbbell-triceps-extension,Standing Dumbbell Triceps Extension
http://www.bodybuilding.com/exercises/detail/view/name/standing-elevated-quad-stretch,Standing Elevated Quad Stretch
http://www.bodybuilding.com/exercises/detail/view/name/standing-gastrocnemius-calf-stretch,Standing Gastrocnemius Calf Stretch
http://www.bodybuilding.com/exercises/detail/view/name/standing-hip-circles,Standing Hip Circles
http://www.bodybuilding.com/exercises/detail/view/name/standing-inner-biceps-curl,Standing Inner-Biceps Curl
http://www.bodybuilding.com/exercises/detail/view/name/standing-leg-curl,Standing Leg Curl
http://www.bodybuilding.com/exercises/detail/view/name/standing-low-pulley-deltoid-raise,Standing Low-Pulley Deltoid Raise
http://www.bodybuilding.com/exercises/detail/view/name/standing-military-press,Standing Military Press
http://www.bodybuilding.com/exercises/detail/view/name/standing-one-arm-cable-curl,Standing One-Arm Cable Curl
http://www.bodybuilding.com/exercises/detail/view/name/standing-one-arm-dumbbell-triceps-extension,Standing One-Arm Dumbbell Triceps Extension
http://www.bodybuilding.com/exercises/detail/view/name/standing-palm-in-one-arm-dumbbell-press,Standing Palm-In One-Arm Dumbbell Press
http://www.bodybuilding.com/exercises/detail/view/name/standing-palms-up-barbell-behind-the-back-wrist-curl,Standing Palms-Up Barbell Behind The Back Wrist Curl
http://www.bodybuilding.com/exercises/detail/view/name/standing-rope-crunch,Standing Rope Crunch
http://www.bodybuilding.com/exercises/detail/view/name/standing-toe-touches,Standing Toe Touches
http://www.bodybuilding.com/exercises/detail/view/name/standing-two-arm-overhead-throw,Standing Two-Arm Overhead Throw
http://www.bodybuilding.com/exercises/detail/view/name/step-mill,Step Mill
http://www.bodybuilding.com/exercises/detail/view/name/stiff-leg-barbell-good-morning,Stiff Leg Barbell Good Morning
http://www.bodybuilding.com/exercises/detail/view/name/stiff-legged-dumbbell-deadlift,Stiff-Legged Dumbbell Deadlift
http://www.bodybuilding.com/exercises/detail/view/name/straight-bar-bench-mid-rows,Straight Bar Bench Mid Rows
http://www.bodybuilding.com/exercises/detail/view/name/straight-arm-dumbbell-pullover,Straight-Arm Dumbbell Pullover
http://www.bodybuilding.com/exercises/detail/view/name/stride-jump-crossover,Stride Jump Crossover
http://www.bodybuilding.com/exercises/detail/view/name/sumo-deadlift-with-bands,Sumo Deadlift with Bands
http://www.bodybuilding.com/exercises/detail/view/name/superman,Superman
http://www.bodybuilding.com/exercises/detail/view/name/supine-one-arm-overhead-throw,Supine One-Arm Overhead Throw
http://www.bodybuilding.com/exercises/detail/view/name/suspended-push-up,Suspended Push-Up
http://www.bodybuilding.com/exercises/detail/view/name/suspended-row,Suspended Row
http://www.bodybuilding.com/exercises/detail/view/name/t-bar-row-with-handle,T-Bar Row with Handle
http://www.bodybuilding.com/exercises/detail/view/name/the-straddle,The Straddle
http://www.bodybuilding.com/exercises/detail/view/name/thigh-adductor,Thigh Adductor
http://www.bodybuilding.com/exercises/detail/view/name/toe-touchers,Toe Touchers
http://www.bodybuilding.com/exercises/detail/view/name/trail-runningwalking,Trail Running/Walking
http://www.bodybuilding.com/exercises/detail/view/name/tricep-dumbbell-kickback,Tricep Dumbbell Kickback
http://www.bodybuilding.com/exercises/detail/view/name/triceps-overhead-extension-with-rope,Triceps Overhead Extension with Rope
http://www.bodybuilding.com/exercises/detail/view/name/triceps-pushdown-rope-attachment,Triceps Pushdown - Rope Attachment
http://www.bodybuilding.com/exercises/detail/view/name/triceps-stretch,Triceps Stretch
http://www.bodybuilding.com/exercises/detail/view/name/two-arm-dumbbell-preacher-curl,Two-Arm Dumbbell Preacher Curl
http://www.bodybuilding.com/exercises/detail/view/name/two-arm-kettlebell-jerk,Two-Arm Kettlebell Jerk
http://www.bodybuilding.com/exercises/detail/view/name/two-arm-kettlebell-row,Two-Arm Kettlebell Row
http://www.bodybuilding.com/exercises/detail/view/name/tate-press,Tate Press
http://www.bodybuilding.com/exercises/detail/view/name/thigh-abductor,Thigh Abductor
http://www.bodybuilding.com/exercises/detail/view/name/tire-flip,Tire Flip
http://www.bodybuilding.com/exercises/detail/view/name/torso-rotation,Torso Rotation
http://www.bodybuilding.com/exercises/detail/view/name/trap-bar-deadlift,Trap Bar Deadlift
http://www.bodybuilding.com/exercises/detail/view/name/tricep-side-stretch,Tricep Side Stretch
http://www.bodybuilding.com/exercises/detail/view/name/triceps-pushdown,Triceps Pushdown
http://www.bodybuilding.com/exercises/detail/view/name/triceps-pushdown-v-bar-attachment,Triceps Pushdown - V-Bar Attachment
http://www.bodybuilding.com/exercises/detail/view/name/tuck-crunch,Tuck Crunch
http://www.bodybuilding.com/exercises/detail/view/name/two-arm-kettlebell-clean,Two-Arm Kettlebell Clean
http://www.bodybuilding.com/exercises/detail/view/name/two-arm-kettlebell-military-press,Two-Arm Kettlebell Military Press
http://www.bodybuilding.com/exercises/detail/view/name/underhand-cable-pulldowns,Underhand Cable Pulldowns
http://www.bodybuilding.com/exercises/detail/view/name/upper-back-leg-grab,Upper Back-Leg Grab
http://www.bodybuilding.com/exercises/detail/view/name/upright-cable-row,Upright Cable Row
http://www.bodybuilding.com/exercises/detail/view/name/upward-stretch,Upward Stretch
http://www.bodybuilding.com/exercises/detail/view/name/upper-back-stretch,Upper Back Stretch
http://www.bodybuilding.com/exercises/detail/view/name/upright-barbell-row,Upright Barbell Row
http://www.bodybuilding.com/exercises/detail/view/name/upright-row-with-bands,Upright Row - With Bands
http://www.bodybuilding.com/exercises/detail/view/name/v-bar-pulldown,V-Bar Pulldown
http://www.bodybuilding.com/exercises/detail/view/name/vertical-swing,Vertical Swing
http://www.bodybuilding.com/exercises/detail/view/name/v-bar-pullup,V-Bar Pullup
http://www.bodybuilding.com/exercises/detail/view/name/walking-treadmill,"Walking, Treadmill"
http://www.bodybuilding.com/exercises/detail/view/name/weighted-ball-side-bend,Weighted Ball Side Bend
http://www.bodybuilding.com/exercises/detail/view/name/weighted-crunches,Weighted Crunches
http://www.bodybuilding.com/exercises/detail/view/name/weighted-pull-ups,Weighted Pull Ups
http://www.bodybuilding.com/exercises/detail/view/name/weighted-sit-ups-with-bands,Weighted Sit-Ups - With Bands
http://www.bodybuilding.com/exercises/detail/view/name/wide-stance-barbell-squat,Wide Stance Barbell Squat
http://www.bodybuilding.com/exercises/detail/view/name/wide-grip-barbell-bench-press,Wide-Grip Barbell Bench Press
http://www.bodybuilding.com/exercises/detail/view/name/wide-grip-decline-barbell-pullover,Wide-Grip Decline Barbell Pullover
http://www.bodybuilding.com/exercises/detail/view/name/wide-grip-pulldown-behind-the-neck,Wide-Grip Pulldown Behind The Neck
http://www.bodybuilding.com/exercises/detail/view/name/wide-grip-standing-barbell-curl,Wide-Grip Standing Barbell Curl
http://www.bodybuilding.com/exercises/detail/view/name/windmills,Windmills
http://www.bodybuilding.com/exercises/detail/view/name/wrist-circles,Wrist Circles
http://www.bodybuilding.com/exercises/detail/view/name/wrist-rotations-with-straight-bar,Wrist Rotations with Straight Bar
http://www.bodybuilding.com/exercises/detail/view/name/weighted-ball-hyperextension,Weighted Ball Hyperextension
http://www.bodybuilding.com/exercises/detail/view/name/weighted-bench-dip,Weighted Bench Dip
http://www.bodybuilding.com/exercises/detail/view/name/weighted-jump-squat-,Weighted Jump Squat
http://www.bodybuilding.com/exercises/detail/view/name/weighted-sissy-squat,Weighted Sissy Squat
http://www.bodybuilding.com/exercises/detail/view/name/weighted-squat,Weighted Squat
http://www.bodybuilding.com/exercises/detail/view/name/wide-stance-stiff-legs,Wide Stance Stiff Legs
http://www.bodybuilding.com/exercises/detail/view/name/wide-grip-decline-barbell-bench-press,Wide-Grip Decline Barbell Bench Press
http://www.bodybuilding.com/exercises/detail/view/name/wide-grip-lat-pulldown,Wide-Grip Lat Pulldown
http://www.bodybuilding.com/exercises/detail/view/name/wide-grip-rear-pull-up,Wide-Grip Rear Pull-Up
http://www.bodybuilding.com/exercises/detail/view/name/wind-sprints,Wind Sprints
http://www.bodybuilding.com/exercises/detail/view/name/worlds-greatest-stretch,World's Greatest Stretch
http://www.bodybuilding.com/exercises/detail/view/name/wrist-roller,Wrist Roller
http://www.bodybuilding.com/exercises/detail/view/name/yoke-walk,Yoke Walk
http://www.bodybuilding.com/exercises/detail/view/name/zercher-squats,Zercher Squats
http://www.bodybuilding.com/exercises/detail/view/name/zottman-preacher-curl,Zottman Preacher Curl
http://www.bodybuilding.com/exercises/detail/view/name/zottman-curl,Zottman Curl
